"MeanTemperature","Precipitation","MeanRelativeHumidity"
13.1786768566974,4.23721901341501,74.2567456331087
